"fid_anon","fupno","steroids","vaspat","tjc28_value","sjc28_value","DAS28_CRP","sex","age_baseline","logCRP","smoke_baseline"
"RAMS_1","6 Mo","No",78,27,16,7.087547,"",56.92845,2.793616,""
"RAMS_3","3 Mo","",30,3,2,3.695989,"",43.01267,2.639057,""
"RAMS_3","6 Mo","No",90,0,0,3.378795,"",43.01267,3.218876,""
"RAMS_3","12 Mo","Yes",50,3,0,3.274982,"",43.01267,1.791759,""
"RAMS_5","6 Mo","No",50,15,14,5.488933,"",56.76412,1.701105,""
"RAMS_5","3 Mo","",59,14,3,4.962799,"",56.76412,2.355178,""
"RAMS_7","3 Mo","",32,0,0,1.987398,"",81.11469,1.609438,""
"RAMS_7","12 Mo","",49,27,4,5.58062,"",81.11469,1.406097,""
"RAMS_7","6 Mo","No",52,0,0,2.410957,"",81.11469,2.008214,""
"RAMS_10","12 Mo","Yes",18,0,1,2.207635,"",71.00582,1.987874,""
"RAMS_10","6 Mo","No",100,21,13,6.731171,"",71.00582,2.209373,""
"RAMS_10","3 Mo","",70,12,12,5.930641,"",71.00582,3.002211,""
"RAMS_12","3 Mo","",6,4,1,2.0415,"",39.17562,1.791759,""
"RAMS_12","6 Mo","No",10,0,0,1.233763,"",39.17562,0.3715636,""
"RAMS_14","6 Mo","Yes",30,5,5,4.12154,"",71.7809,2.397895,""
"RAMS_14","12 Mo","Yes",40,5,6,4.432953,"",71.7809,2.70805,""
"RAMS_14","3 Mo","",66,5,8,5.25149,"",71.7809,4.606968,""
"RAMS_15","3 Mo","",40,0,0,2.593388,"",73.36118,2.981633,""
"RAMS_15","6 Mo","No",49,0,0,3.287323,"",73.36118,4.559231,""
"RAMS_15","12 Mo","No",23,12,0,4.880405,"",73.36118,4.606968,""
"RAMS_18","6 Mo","No",46,8,1,4.344651,"",61.23383,2.435366,""
"RAMS_18","3 Mo","",21,3,0,2.037021,"",61.23383,1.280934,""
"RAMS_18","12 Mo","No",69,9,10,5.191966,"",61.23383,1.94591,""
"RAMS_20","3 Mo","",15,3,0,2.385863,"",68.17665,0.6830968,""
"RAMS_20","6 Mo","No",22,4,0,2.50395,"",68.17665,0.3220835,""
"RAMS_20","12 Mo","No",10,4,0,2.380087,"",68.17665,0.4446858,""
"RAMS_23","3 Mo","",18,4,3,3.212475,"",46.8278,1.098612,""
"RAMS_23","12 Mo","No",30,7,6,4.503658,"",46.8278,2.656055,""
"RAMS_23","6 Mo","No",46,6,0,3.439838,"",46.8278,1.289233,""
"RAMS_26","3 Mo","",16,1,1,2.974831,"",64.65183,2.641198,""
"RAMS_26","6 Mo","No",12,1,3,2.488143,"",64.65183,0.8754687,""
"RAMS_26","12 Mo","No",5,1,2,2.235513,"",64.65183,0.6931472,""
"RAMS_28","3 Mo","",50,2,0,3.619168,"",67.87538,2.3302,""
"RAMS_28","12 Mo","Yes",30,0,0,1.689118,"",67.87538,0.8586617,""
"RAMS_28","6 Mo","Yes",62,1,1,2.791692,"",67.87538,0.3435897,""
"RAMS_30","12 Mo","No",15,1,0,2.558931,"",70.91818,2.302585,""
"RAMS_30","3 Mo","",0,0,0,1.854566,"",70.91818,2.484907,""
"RAMS_30","6 Mo","No",10,0,0,1.848599,"",70.91818,2.079442,""
"RAMS_32","12 Mo","No",12,4,1,3.432953,"",74.77987,2.481568,""
"RAMS_32","3 Mo","",27,3,0,3.363242,"",74.77987,2.171337,""
"RAMS_32","6 Mo","No",42,4,0,2.917533,"",74.77987,0.6931472,""
"RAMS_34","3 Mo","",35,8,3,4.285412,"",60.9709,3.881564,""
"RAMS_34","6 Mo","Yes",60,15,2,5.879184,"",60.9709,4.206482,""
"RAMS_34","12 Mo","No",46,19,4,5.219347,"",60.9709,1.706565,""
"RAMS_36","6 Mo","No",10,0,0,1.599066,"",42.02944,1.386294,""
"RAMS_36","12 Mo","No",10,0,0,1.599066,"",42.02944,1.386294,""
"RAMS_36","3 Mo","",5,0,0,1.609398,"",42.02944,1.609438,""
"RAMS_37","6 Mo","No",20,0,2,2.291654,"",52.86409,1.821318,""
"RAMS_37","12 Mo","No",20,2,0,2.531026,"",52.86409,1.386294,""
"RAMS_37","3 Mo","",50,0,8,3.25399,"",52.86409,2.227861,""
"RAMS_40","12 Mo","No",37,10,7,4.367981,"",58.54707,1.050822,""
"RAMS_40","3 Mo","",19,10,5,4.906845,"",58.54707,3.728341,""
"RAMS_40","6 Mo","No",63,14,10,5.189551,"",58.54707,1.018847,""
"RAMS_42","6 Mo","No",75,11,7,5.253154,"",58.60459,1.791759,""
"RAMS_45","3 Mo","",100,4,3,4.718933,"",55.41938,2.09433,""
"RAMS_45","6 Mo","No",14,0,0,2.032101,"",55.41938,2.433613,""
"RAMS_45","12 Mo","No",15,1,0,1.925237,"",55.41938,0.5423243,""
"RAMS_47","6 Mo","No",60,6,0,3.834883,"",72.25197,1.842136,""
"RAMS_47","12 Mo","No",72,4,5,4.372674,"",72.25197,1.829376,""
"RAMS_47","3 Mo","",65,15,0,4.645974,"",72.25197,1.686399,""
"RAMS_49","3 Mo","",25,0,0,1.443763,"",54.03355,0.3715636,""
"RAMS_49","6 Mo","No",12,0,0,1.377533,"",54.03355,0.6931472,""
"RAMS_49","12 Mo","",85,4,2,5.191966,"",54.03355,4.107425,""
"RAMS_51","6 Mo","No",90,23,0,5.58062,"",24.41356,1.874874,""
"RAMS_51","3 Mo","",75,13,2,4.820589,"",24.41356,1.098612,""
"RAMS_51","12 Mo","No",67,18,1,5.028749,"",24.41356,1.319086,""
"RAMS_54","3 Mo","",40,6,0,3.536748,"",77.74872,1.791759,""
"RAMS_54","6 Mo","No",40,2,0,3.360406,"",77.74872,2.912351,""
"RAMS_54","12 Mo","No",80,6,1,4.376748,"",77.74872,1.791759,""
"RAMS_56","6 Mo","Yes",15,0,0,2.456044,"",45.79528,3.572345,""
"RAMS_58","3 Mo","",65,10,2,5.867321,"",63.23862,5.084629,""
"RAMS_58","12 Mo","No",53,8,0,4.490239,"",63.23862,3.345332,""
"RAMS_58","6 Mo","No",59,8,2,4.939782,"",63.23862,3.260785,""
"RAMS_59","3 Mo","",30,5,4,4.2038,"",58.38822,2.810005,""
"RAMS_59","6 Mo","Yes",75,3,1,4.154515,"",58.38822,2.484907,""
"RAMS_62","6 Mo","No",20,2,2,3.321905,"",58.22663,2.483238,""
"RAMS_62","12 Mo","No",28,0,3,3.60664,"",58.22663,4.915739,""
"RAMS_62","3 Mo","",20,6,2,2.866838,"",58.22663,0.1739533,""
"RAMS_64","3 Mo","",50,6,4,4.632248,"",55.43855,2.890372,""
"RAMS_64","12 Mo","No",72,23,4,5.712732,"",55.43855,1.386294,""
"RAMS_64","6 Mo","No",52,2,10,4.288779,"",55.43855,2.564949,""
"RAMS_67","6 Mo","No",31,2,2,3.552977,"",52.69428,2.697326,""
"RAMS_67","12 Mo","No",18,1,0,2.247832,"",52.69428,1.321756,""
"RAMS_67","3 Mo","",60,6,1,3.44051,"",52.69428,0.3220835,""
"RAMS_70","6 Mo","No",2,0,0,1.268557,"",67.58508,0.7793248,""
"RAMS_70","3 Mo","",8,0,0,1.404733,"",67.58508,0.9242589,""
"RAMS_72","12 Mo","Yes",50,19,2,5.04556,"",65.60767,1.52388,""
"RAMS_72","3 Mo","",64,7,2,4.232666,"",65.60767,1.386294,""
"RAMS_72","6 Mo","Yes",83,27,5,6.049827,"",65.60767,1.088562,""
"RAMS_74","12 Mo","No",30,0,0,2.080528,"",81.73091,1.94591,""
"RAMS_74","6 Mo","No",10,0,0,1.800528,"",81.73091,1.94591,""
"RAMS_74","3 Mo","",30,0,0,2.274566,"",81.73091,2.484907,""
"RAMS_76","3 Mo","",40,1,0,2.449375,"",67.13865,1.026042,""
"RAMS_76","6 Mo","No",25,2,2,3.976613,"",67.13865,4.107425,""
"RAMS_76","12 Mo","No",90,10,0,4.392326,"",67.13865,1.115142,""
"RAMS_78","3 Mo","",51,23,15,5.693634,"",63.90688,0.6931472,""
"RAMS_78","6 Mo","No",53,27,16,5.947426,"",63.90688,0.5988365,""
"RAMS_80","12 Mo","No",100,6,2,4.320122,"",55.8165,1.386294,""
"RAMS_80","6 Mo","No",40,3,0,2.989014,"",55.8165,1.386294,""
"RAMS_81","12 Mo","No",1,0,0,1.733677,"",71.07429,2.110213,""
"RAMS_81","3 Mo","",6,2,0,2.529739,"",71.07429,1.927164,""
"RAMS_81","6 Mo","No",6,1,0,2.451864,"",71.07429,2.355178,""
"RAMS_84","3 Mo","",20,7,4,4.03022,"",71.65765,2.079442,""
"RAMS_84","12 Mo","Yes",81,21,14,6.836684,"",71.65765,3.135494,""
"RAMS_84","6 Mo","No",76,12,15,5.734164,"",71.65765,1.905088,""
"RAMS_86","6 Mo","No",75,2,1,4.113379,"",21.17905,2.865054,""
"RAMS_86","12 Mo","No",75,2,1,3.869746,"",21.17905,2.188296,""
"RAMS_86","3 Mo","",62,1,1,3.312433,"",21.17905,1.790091,""
"RAMS_89","3 Mo","",64,0,5,4.376748,"",71.65765,4.317488,""
"RAMS_89","6 Mo","Yes",37,2,0,3.135811,"",71.65765,2.405142,""
"RAMS_89","12 Mo","Yes",25,2,1,2.881026,"",71.65765,1.386294,""
"RAMS_91","12 Mo","Yes",26,22,11,5.80267,"",54.6936,2.564949,""
"RAMS_91","6 Mo","Yes",71,26,2,6.567739,"",54.6936,3.78419,""
"RAMS_91","3 Mo","",92,0,3,3.627541,"",54.6936,2.484907,""
"RAMS_93","6 Mo","No",4,0,0,1.284808,"",65.67614,0.7466879,""
"RAMS_93","3 Mo","",15,0,0,1.402957,"",65.67614,0.6471033,""
"RAMS_93","12 Mo","No",10,0,0,1.44948,"",65.67614,0.9707789,""
"RAMS_95","12 Mo","No",31,4,0,2.980102,"",43.39883,1.294727,""
"RAMS_95","6 Mo","No",87,4,1,4.278013,"",43.39883,1.944481,""
"RAMS_95","3 Mo","",72,0,0,2.467066,"",43.39883,1.386294,""
"RAMS_98","3 Mo","",25,0,0,2.058599,"",55.8658,2.079442,""
"RAMS_98","6 Mo","No",60,0,1,2.834402,"",55.8658,2.095561,""
"RAMS_98","12 Mo","No",38,0,0,2.424946,"",55.8658,2.591516,""
"RAMS_100","12 Mo","No",58,2,8,3.716147,"",50.97432,1.000632,""
"RAMS_100","6 Mo","",60,4,4,4.164221,"",50.97432,1.900614,""
"RAMS_102","12 Mo","No",50,2,0,2.84746,"",39.50428,1.098612,""
"RAMS_102","6 Mo","No",50,4,2,3.57148,"",39.50428,1.098612,""
"RAMS_102","3 Mo","",20,2,0,2.42746,"",39.50428,1.098612,""
"RAMS_103","3 Mo","",60,2,1,3.340029,"",61.26669,1.300192,""
"RAMS_103","6 Mo","No",75,0,1,2.63948,"",61.26669,0.9707789,""
"RAMS_103","12 Mo","Yes",50,3,0,3.046426,"",61.26669,1.156881,""
"RAMS_106","12 Mo","Yes",19,9,1,3.327135,"",58.10339,0.3920421,""
"RAMS_106","6 Mo","Yes",17,10,5,3.675306,"",58.10339,0.2231435,""
"RAMS_106","3 Mo","",10,3,1,2.08411,"",58.10339,0.7275487,""
"RAMS_108","6 Mo","No",60,5,4,5.580091,"",50.82369,5.466371,""
"RAMS_108","12 Mo","No",42,9,1,4.906845,"",50.82369,3.885679,""
"RAMS_108","3 Mo","",20,0,3,3.377614,"",50.82369,4.590665,""
"RAMS_111","6 Mo","No",19,1,3,2.580092,"",58.73605,0.8586617,""
"RAMS_111","3 Mo","",24,2,4,3.050589,"",58.73605,1.118415,""
"RAMS_114","6 Mo","Yes",20,0,0,1.819398,"",55.24136,1.609438,""
"RAMS_114","12 Mo","Yes",50,0,0,2.280196,"",55.24136,1.722767,""
"RAMS_114","3 Mo","",25,4,0,3.081574,"",55.24136,1.809927,""
"RAMS_116","12 Mo","",82,5,3,5.187375,"",43.87812,3.728341,""
"RAMS_116","6 Mo","No",70,3,3,4.720572,"",43.87812,3.682358,""
"RAMS_118","3 Mo","",25,0,0,1.809066,"",80.30127,1.386294,""
"RAMS_118","12 Mo","No",37,0,0,2.019066,"",80.30127,1.386294,""
"RAMS_118","6 Mo","No",35,0,0,1.949066,"",80.30127,1.386294,""
"RAMS_120","3 Mo","",40,2,1,2.654583,"",47.19754,0.1739533,""
"RAMS_120","6 Mo","No",18,0,0,1.280623,"",47.19754,0.1906203,""
"RAMS_122","12 Mo","No",55,12,1,5.665968,"",65.79939,4.766864,""
"RAMS_122","3 Mo","",0,28,8,6.16263,"",65.79939,3.713572,""
"RAMS_122","6 Mo","Yes",60,7,8,5.159878,"",65.79939,3.017494,""
"RAMS_124","6 Mo","No",47,22,12,5.875461,"",46.78672,1.835776,""
"RAMS_124","3 Mo","",21,4,0,3.012372,"",46.78672,1.773256,""
"RAMS_125","3 Mo","",30,7,4,4.089888,"",67.63985,1.856298,""
"RAMS_125","12 Mo","No",20,2,0,2.780559,"",67.63985,2.079442,""
"RAMS_125","6 Mo","No",31,5,2,3.877177,"",67.63985,2.319442,""
"RAMS_128","12 Mo","",5,0,0,2.037021,"",78.9976,2.797281,""
"RAMS_128","6 Mo","Yes",30,2,2,3.430526,"",78.9976,2.396075,""
"RAMS_130","3 Mo","",60,9,1,4.339397,"",55.16741,1.609438,""
"RAMS_130","12 Mo","Yes",40,18,9,5.234945,"",55.16741,1.386294,""
"RAMS_130","6 Mo","Yes",50,19,3,5.397558,"",55.16741,2.254445,""
"RAMS_133","6 Mo","No",65,2,1,4.132702,"",53.12701,3.307619,""
"RAMS_133","3 Mo","",75,4,2,4.171013,"",53.12701,1.791759,""
"RAMS_133","12 Mo","No",20,1,0,1.918549,"",53.12701,0.3293037,""
"RAMS_135","6 Mo","No",0,0,0,1.421136,"",47.21123,1.280934,""
"RAMS_135","12 Mo","No",10,0,0,1.642267,"",47.21123,1.506297,""
"RAMS_135","3 Mo","",5,0,0,1.529066,"",47.21123,1.386294,""
"RAMS_137","3 Mo","",45,4,0,3.209066,"",66.14995,1.386294,""
"RAMS_137","12 Mo","",40,2,0,2.811026,"",66.14995,1.386294,""
"RAMS_137","6 Mo","No",5,2,0,2.321026,"",66.14995,1.386294,""
"RAMS_139","3 Mo","",75,28,0,5.285398,"",28.2013,0.8671005,""
"RAMS_139","6 Mo","No",55,14,0,4.3786,"",28.2013,1.536867,""
"RAMS_140","12 Mo","Yes",12,0,0,2.26452,"",69.86922,3.157,""
"RAMS_140","3 Mo","",70,16,14,6.49916,"",69.86922,3.531933,""
"RAMS_140","6 Mo","Yes",57,17,10,5.419464,"",69.86922,1.297463,""
"RAMS_142","12 Mo","Yes",51,8,2,4.152965,"",78.61143,1.386294,""
"RAMS_142","6 Mo","Yes",45,11,9,5.116241,"",78.61143,2.302585,""
"RAMS_142","3 Mo","",22,5,5,3.541798,"",78.61143,1.098612,""
"RAMS_144","6 Mo","No",0,0,0,1.934898,"",62.81684,2.70805,""
"RAMS_146","6 Mo","No",28,2,2,2.702327,"",61.58439,0.4510756,""
"RAMS_146","3 Mo","",50,8,8,4.285412,"",61.58439,0.6931472,""
"RAMS_146","12 Mo","No",50,1,1,3.670135,"",61.58439,3.250375,""
"RAMS_147","3 Mo","",60,10,2,4.611889,"",35.39883,1.791759,""
"RAMS_147","12 Mo","No",70,5,2,4.233211,"",35.39883,1.791759,""
"RAMS_147","6 Mo","No",85,28,0,5.758275,"",35.39883,1.791759,""
"RAMS_150","6 Mo","No",55,6,7,4.465283,"",58.73331,1.729884,""
"RAMS_150","3 Mo","",73,9,2,4.501701,"",58.73331,1.23256,""
"RAMS_150","12 Mo","No",75,2,7,4.117822,"",58.73331,1.597365,""
"RAMS_152","6 Mo","No",41,1,4,3.619168,"",52.44231,2.681021,""
"RAMS_152","12 Mo","No",35,0,5,3.193232,"",52.44231,1.398717,""
"RAMS_152","3 Mo","",48,0,3,3.091872,"",52.44231,2.70805,""
"RAMS_155","6 Mo","No",41,0,0,1.761258,"",76.72715,0.6312718,""
"RAMS_155","12 Mo","No",19,0,0,1.760195,"",76.72715,1.483875,""
"RAMS_158","3 Mo","",12,0,0,1.627066,"",41.36118,1.386294,""
"RAMS_158","6 Mo","No",10,0,0,1.797947,"",41.36118,1.938742,""
"RAMS_158","12 Mo","No",10,0,0,1.891001,"",41.36118,2.197225,""
"RAMS_160","12 Mo","No",7,0,2,1.957518,"",67.35502,1.398717,""
"RAMS_160","3 Mo","",24,7,2,3.670135,"",67.35502,2.302585,""
"RAMS_160","6 Mo","No",13,2,2,2.637529,"",67.35502,0.8544154,""
"RAMS_162","3 Mo","",70,12,10,5.014868,"",37.11058,0.6931472,""
"RAMS_162","12 Mo","No",16,17,8,4.783965,"",37.11058,1.386294,""
"RAMS_162","6 Mo","",2,4,1,2.7835,"",37.11058,1.098612,""
"RAMS_164","6 Mo","Yes",0,0,0,1.8265,"",75.69189,2.406945,""
"RAMS_164","3 Mo","",10,2,0,2.496387,"",75.69189,1.678964,""
"RAMS_166","6 Mo","No",7,1,0,2.538602,"",41.01335,2.557227,""
"RAMS_166","3 Mo","",20,2,0,2.654583,"",41.01335,1.386294,""
"RAMS_166","12 Mo","No",0,0,0,1.460861,"",41.01335,1.391282,""
"RAMS_168","12 Mo","No",80,5,9,4.817232,"",47.04964,1.791759,""
"RAMS_168","6 Mo","No",80,6,6,4.782605,"",47.04964,1.791759,""
"RAMS_168","3 Mo","",80,7,4,4.766654,"",47.04964,1.791759,""
"RAMS_169","3 Mo","",40,4,3,4.136142,"",70.51832,2.8088,""
"RAMS_169","6 Mo","No",50,8,4,4.86049,"",70.51832,2.93492,""
"RAMS_172","6 Mo","No",45,2,2,3.369374,"",58.48956,1.642873,""
"RAMS_172","12 Mo","No",14,0,7,2.403005,"",58.48956,1.406097,""
"RAMS_172","3 Mo","",79,4,2,4.962799,"",58.48956,4.206482,""
"RAMS_174","6 Mo","No",30,0,0,2.074826,"",65.62136,1.930071,""
"RAMS_174","3 Mo","",20,0,0,2.066402,"",65.62136,2.295561,""
"RAMS_174","12 Mo","No",25,0,0,2.14606,"",65.62136,2.322388,""
"RAMS_177","12 Mo","Yes",22,4,12,4.387929,"",62.77576,2.861057,""
"RAMS_177","6 Mo","Yes",65,0,10,3.499508,"",62.77576,2.066863,""
"RAMS_177","3 Mo","",30,0,0,2.171001,"",62.77576,2.197225,""
"RAMS_179","3 Mo","",50,12,4,4.80493,"",57.95823,1.791759,""
"RAMS_179","6 Mo","No",60,8,3,4.818954,"",57.95823,2.639057,""
"RAMS_181","6 Mo","No",9,0,0,1.91529,"",75.91099,2.303585,""
"RAMS_181","12 Mo","No",8,0,1,1.451947,"",75.91099,0.2776317,""
"RAMS_181","3 Mo","",10,1,1,2.039948,"",75.91099,0.2776317,""
"RAMS_183","3 Mo","",20,0,0,1.739066,"",56.29031,1.386294,""
"RAMS_183","12 Mo","No",85,14,4,6.154895,"",56.29031,3.748798,""
"RAMS_183","6 Mo","No",55,4,0,3.364912,"",56.29031,1.430311,""
"RAMS_186","3 Mo","",10,0,0,1.325338,"",60.54365,0.6259384,""
"RAMS_186","12 Mo","Yes",10,0,0,1.599066,"",60.54365,1.386294,""
"RAMS_186","6 Mo","Yes",10,0,0,1.599066,"",60.54365,1.386294,""
"RAMS_188","3 Mo","",12,0,9,3.024599,"",52.14379,1.098612,""
"RAMS_188","6 Mo","No",15,0,7,2.02676,"",52.14379,0.3220835,""
"RAMS_190","6 Mo","No",29,2,1,2.83346,"",73.99657,1.098612,""
"RAMS_190","12 Mo","No",56,2,0,2.93146,"",73.99657,1.098612,""
"RAMS_190","3 Mo","",33,5,3,3.554673,"",73.99657,1.098612,""
"RAMS_191","3 Mo","",1,0,1,1.909092,"",59.43718,1.819699,""
"RAMS_191","6 Mo","No",5,0,1,1.585568,"",59.43718,0.7654678,""
"RAMS_191","12 Mo","No",4,1,0,1.954296,"",59.43718,1.050822,""
"RAMS_194","6 Mo","Yes",50,2,1,3.376993,"",55.60561,1.791759,""
"RAMS_194","3 Mo","",74,1,1,3.545499,"",55.60561,1.291984,""
"RAMS_196","12 Mo","No",10,0,0,1.599066,"",67.59329,1.386294,""
"RAMS_196","6 Mo","",15,0,0,1.323096,"",67.59329,0.4252677,""
"RAMS_196","3 Mo","",15,0,0,1.365237,"",67.59329,0.5423243,""
"RAMS_199","12 Mo","No",10,1,1,2.506199,"",64.31223,1.572774,""
"RAMS_199","6 Mo","No",30,4,4,4.220663,"",64.31223,3.224062,""
"RAMS_199","3 Mo","",40,11,4,4.933637,"",64.31223,2.767576,""
"RAMS_202","3 Mo","",49,0,0,2.0415,"",49.36392,1.098612,""
"RAMS_202","12 Mo","No",1,0,0,1.3695,"",49.36392,1.098612,""
"RAMS_202","6 Mo","No",0,0,0,1.209533,"",49.36392,0.6931472,""
"RAMS_204","3 Mo","",21,2,2,2.83744,"",76.72989,1.098612,""
"RAMS_204","6 Mo","Yes",34,2,1,2.791804,"",76.72989,0.7884574,""
"RAMS_206","6 Mo","No",70,7,4,4.67801,"",46.4252,1.934416,""
"RAMS_206","3 Mo","",75,5,0,3.278755,"",46.4252,1.483875,""
"RAMS_206","12 Mo","No",24,9,0,3.638598,"",46.4252,1.84055,""
"RAMS_208","6 Mo","No",30,2,0,3.219818,"",67.93564,2.910719,""
"RAMS_208","3 Mo","",50,3,1,4.323849,"",67.93564,3.927503,""
"RAMS_208","12 Mo","No",5,0,0,1.443763,"",67.93564,1.791759,""
"RAMS_210","12 Mo","No",46,12,6,4.879556,"",68.61486,1.805005,""
"RAMS_210","3 Mo","",97,15,2,5.250933,"",68.61486,1.022451,""
"RAMS_210","6 Mo","No",62,7,1,3.930825,"",68.61486,0.9477894,""
"RAMS_212","6 Mo","No",70,0,0,2.928556,"",77.24204,2.745988,""
"RAMS_212","3 Mo","",80,0,0,3.284827,"",77.24204,3.346741,""
"RAMS_213","6 Mo","Yes",55,10,4,4.975852,"",78.99213,2.541602,""
"RAMS_213","12 Mo","No",20,0,6,2.57089,"",78.99213,1.791759,""
"RAMS_213","3 Mo","",65,12,2,5.51758,"",78.99213,3.64362,""
"RAMS_216","6 Mo","No",12,0,1,1.563442,"",40.97501,0.4317824,""
"RAMS_216","3 Mo","",46,0,0,3.339301,"",40.97501,4.820282,""
"RAMS_218","12 Mo","No",37,2,1,3.046426,"",68.41219,1.791759,""
"RAMS_218","6 Mo","No",67,5,15,5.620687,"",68.41219,3.850147,""
"RAMS_218","3 Mo","",34,5,8,4.982937,"",68.41219,4.174387,""
"RAMS_221","3 Mo","",2,0,0,1.209533,"",52.28073,0.7275487,""
"RAMS_221","12 Mo","No",2,27,25,6.288682,"",52.28073,1.324419,""
"RAMS_221","6 Mo","No",5,0,0,1.293652,"",52.28073,0.7323679,""
"RAMS_224","6 Mo","No",25,0,1,2.506109,"",78.81684,2.544747,""
"RAMS_224","3 Mo","",20,1,1,2.756057,"",78.81684,1.877937,""
"RAMS_224","12 Mo","No",50,2,4,4.265759,"",78.81684,3.482777,""
"RAMS_226","3 Mo","",35,16,12,5.438252,"",61.97878,1.435085,""
"RAMS_226","12 Mo","No",44,15,7,4.985646,"",61.97878,1.388791,""
"RAMS_226","6 Mo","No",61,16,10,5.463701,"",61.97878,1.456287,""
"RAMS_228","12 Mo","",88,4,2,4.490239,"",74.94694,2.397895,""
"RAMS_228","3 Mo","",32,0,6,4.21836,"",74.94694,4.206035,""
"RAMS_228","6 Mo","",47,0,6,3.278755,"",74.94694,2.70805,""
"RAMS_230","3 Mo","",25,1,1,2.832062,"",76.99555,1.894617,""
"RAMS_230","12 Mo","No",26,3,1,3.172962,"",76.99555,1.663926,""
"RAMS_230","6 Mo","No",43,0,0,2.011965,"",76.99555,1.249902,""
"RAMS_232","3 Mo","",2,0,1,1.605033,"",59.59603,1.386294,""
"RAMS_232","12 Mo","No",3,0,1,1.742135,"",59.59603,1.278152,""
"RAMS_232","6 Mo","No",0,0,1,1.64962,"",59.59603,1.137833,""
"RAMS_234","12 Mo","No",70,2,2,3.52344,"",52.59295,1.098612,""
"RAMS_234","6 Mo","Yes",60,9,4,4.740528,"",52.59295,1.94591,""
"RAMS_234","3 Mo","",80,13,6,5.679532,"",52.59295,2.484907,""
"RAMS_235","3 Mo","",50,11,10,5.464635,"",56.66826,2.949688,""
"RAMS_235","6 Mo","Yes",80,6,7,4.974206,"",56.66826,2.171337,""
"RAMS_235","12 Mo","Yes",60,7,5,4.858808,"",56.66826,2.64191,""
"RAMS_238","6 Mo","No",17,4,2,3.23061,"",63.16741,1.435085,""
"RAMS_238","3 Mo","",8,2,1,2.482764,"",63.16741,0.7371641,""
"RAMS_238","12 Mo","No",19,5,1,3.146425,"",63.16741,1.07841,""
"RAMS_240","12 Mo","No",44,13,1,4.147313,"",56.59706,0.756122,""
"RAMS_240","3 Mo","",38,19,8,5.193012,"",56.59706,1.300192,""
"RAMS_240","6 Mo","No",34,8,2,3.615298,"",56.59706,0.5538851,""
"RAMS_243","12 Mo","Yes",51,4,4,3.699366,"",76.06162,0.9593502,""
"RAMS_243","3 Mo","",70,0,8,3.12746,"",76.06162,1.098612,""
"RAMS_243","6 Mo","Yes",28,6,6,3.922757,"",76.06162,1.425515,""
"RAMS_246","12 Mo","No",50,14,1,4.962799,"",65.52824,3.713572,""
"RAMS_246","6 Mo","No",41,2,2,3.589411,"",65.52824,2.409644,""
"RAMS_246","3 Mo","",0,17,1,4.293465,"",65.52824,2.068128,""
"RAMS_248","3 Mo","",47,0,9,4.975852,"",64.66279,5.466371,""
"RAMS_248","6 Mo","Yes",42,0,0,2.281903,"",64.66279,2.03862,""
"RAMS_248","12 Mo","No",23,3,2,3.290554,"",64.66279,1.785071,""
"RAMS_250","12 Mo","",31,0,0,2.344061,"",77.08319,2.639057,""
"RAMS_250","6 Mo","No",51,5,2,4.591668,"",77.08319,3.526361,""
"RAMS_250","3 Mo","",49,4,8,4.770186,"",77.08319,3.367296,""
"RAMS_252","3 Mo","",21,0,0,1.78409,"",71.20849,1.472472,""
"RAMS_252","6 Mo","No",19,0,0,1.648094,"",71.20849,1.172482,""
"RAMS_254","6 Mo","No",47,13,12,5.25149,"",41.36939,1.790091,""
"RAMS_254","3 Mo","",31,10,14,5.234945,"",41.36939,2.639057,""
"RAMS_254","12 Mo","No",27,4,12,3.651356,"",41.36939,0.6205765,""
"RAMS_256","6 Mo","No",6,0,0,1.907242,"",74.69771,2.397895,""
"RAMS_256","12 Mo","No",80,0,0,2.725034,"",74.69771,1.791759,""
"RAMS_256","3 Mo","",60,0,7,4.870986,"",74.69771,4.622617,""
"RAMS_257","3 Mo","",55,4,7,4.143308,"",66.94694,1.534714,""
"RAMS_257","6 Mo","No",10,1,9,2.99271,"",66.94694,1.368639,""
"RAMS_257","12 Mo","No",37,1,0,2.395571,"",66.94694,0.9932518,""
"RAMS_260","12 Mo","No",12,0,0,1.364707,"",49.3557,0.65752,""
"RAMS_260","6 Mo","No",21,2,2,2.703857,"",49.3557,0.7275487,""
"RAMS_260","3 Mo","",24,6,0,3.243071,"",49.3557,2.397895,""
"RAMS_262","6 Mo","No",49,2,8,4.456742,"",56.6354,3.407842,""
"RAMS_262","12 Mo","No",19,2,2,2.273124,"",56.6354,1.791759,""
"RAMS_265","6 Mo","Yes",49,3,2,3.525978,"",88.24375,1.427916,""
"RAMS_267","3 Mo","",30,0,0,2.080528,"",75.24546,1.94591,""
"RAMS_267","6 Mo","No",30,2,1,3.031357,"",75.24546,1.609438,""
"RAMS_267","12 Mo","No",20,0,0,2.163382,"",75.24546,2.564949,""
"RAMS_269","3 Mo","",16,21,7,5.405746,"",57.39404,2.540814,""
"RAMS_269","6 Mo","No",15,7,0,3.890863,"",57.39404,3.442339,""
"RAMS_269","12 Mo","No",15,4,0,3.052285,"",57.39404,2.11746,""
"RAMS_271","12 Mo","No",66,0,8,3.422302,"",42.77987,2.073172,""
"RAMS_271","6 Mo","",65,11,13,6.536006,"",42.77987,4.997618,""
"RAMS_274","6 Mo","",80,7,3,4.920161,"",53.47758,2.426571,""
"RAMS_274","3 Mo","",70,5,4,4.57312,"",53.47758,2.280339,""
"RAMS_274","12 Mo","No",58,21,0,5.125221,"",53.47758,2.186051,""
"RAMS_276","3 Mo","",29,6,4,4.727019,"",70.01164,3.970292,""
"RAMS_276","12 Mo","",5,2,1,2.696168,"",70.01164,1.65058,""
"RAMS_276","6 Mo","No",46,16,9,5.774674,"",70.01164,3.02965,""
"RAMS_278","12 Mo","No",1,0,0,1.948898,"",60.72715,2.70805,""
"RAMS_278","6 Mo","No",31,22,1,5.444732,"",60.72715,3.178054,""
"RAMS_278","3 Mo","",25,0,0,2.406028,"",60.72715,3.044523,""
"RAMS_279","6 Mo","No",60,6,0,3.951337,"",55.4495,2.165619,""
"RAMS_279","3 Mo","",50,9,1,4.533272,"",55.4495,2.536866,""
"RAMS_279","12 Mo","No",18,4,0,2.911398,"",55.4495,1.609438,""
"RAMS_282","6 Mo","Yes",66,26,6,5.603399,"",51.27011,0.4946962,""
"RAMS_282","12 Mo","No",56,14,0,4.072285,"",51.27011,0.6471033,""
"RAMS_282","3 Mo","",60,9,2,4.455378,"",51.27011,1.609438,""
"RAMS_284","12 Mo","No",30,4,0,3.363242,"",53.74598,2.397895,""
"RAMS_284","3 Mo","",20,1,0,2.309707,"",53.74598,1.415853,""
"RAMS_284","6 Mo","Yes",10,0,0,1.679398,"",53.74598,1.609438,""
"RAMS_287","3 Mo","",95,27,20,7.291965,"",67.43718,2.333114,""
"RAMS_287","6 Mo","No",50,9,3,4.616375,"",67.43718,2.198335,""
"RAMS_287","12 Mo","No",40,8,2,4.309605,"",67.43718,2.249184,""
"RAMS_288","6 Mo","No",18,2,1,2.487473,"",43.99863,0.5653138,""
"RAMS_288","12 Mo","No",28,7,0,3.247827,"",43.99863,1.150572,""
"RAMS_290","12 Mo","No",36,1,0,2.998898,"",66.94968,2.70805,""
"RAMS_290","6 Mo","No",9,0,0,2.164464,"",66.94968,2.995732,""
"RAMS_290","3 Mo","",50,0,0,3.194565,"",66.94968,4.26268,""
"RAMS_292","6 Mo","Yes",44,0,6,2.60026,"",37.55974,0.9400072,""
"RAMS_294","3 Mo","",24,0,1,3.074764,"",79.50428,3.044523,""
"RAMS_294","6 Mo","Yes",31,2,4,3.268541,"",79.50428,1.451614,""
"RAMS_296","6 Mo","Yes",70,11,0,4.296376,"",51.848,1.386294,""
"RAMS_296","3 Mo","",30,17,2,4.583985,"",51.848,1.386294,""
"RAMS_298","6 Mo","No",17,2,2,2.995038,"",48.25197,1.691939,""
"RAMS_298","3 Mo","",16,5,2,3.855507,"",48.25197,2.842581,""
"RAMS_300","3 Mo","",25,2,0,2.559073,"",64.73125,1.26976,""
"RAMS_300","12 Mo","No",26,7,1,3.520846,"",64.73125,1.20896,""
"RAMS_300","6 Mo","No",25,7,2,3.936199,"",64.73125,2.079442,""
"RAMS_301","3 Mo","",6,0,1,3.052285,"",64.83807,2.392426,""
"RAMS_301","6 Mo","Yes",34,0,10,3.244819,"",64.83807,2.564949,""
"RAMS_301","12 Mo","Yes",46,3,11,4.562602,"",64.83807,2.944439,""
"RAMS_304","12 Mo","No",10,0,0,1.450841,"",47.24957,0.9745596,""
"RAMS_304","6 Mo","No",10,0,0,1.387103,"",47.24957,0.7975072,""
"RAMS_304","3 Mo","",5,0,0,1.291918,"",47.24957,0.7275487,""
"RAMS_306","3 Mo","",12,1,1,2.862566,"",62.81958,2.484907,""
"RAMS_306","6 Mo","",95,0,4,3.429398,"",62.81958,1.609438,""
"RAMS_306","12 Mo","No",12,2,3,2.904,"",62.81958,1.386294,""
"RAMS_309","3 Mo","",70,6,2,5.016792,"",71.47963,3.519869,""
"RAMS_309","12 Mo","No",10,4,1,3.197429,"",71.47963,1.937302,""
"RAMS_309","6 Mo","Yes",30,6,2,3.852821,"",71.47963,1.958685,""
"RAMS_312","3 Mo","",15,1,1,2.789623,"",73.18316,2.165619,""
"RAMS_312","12 Mo","No",75,2,5,3.845666,"",73.18316,1.160021,""
"RAMS_312","6 Mo","No",10,0,0,1.539499,"",73.18316,1.22083,""
"RAMS_314","6 Mo","Yes",43,28,0,5.483689,"",40.61623,2.662355,""
"RAMS_314","3 Mo","",80,1,6,4.619802,"",40.61623,2.833213,""
"RAMS_314","12 Mo","Yes",31,28,0,5.413813,"",40.61623,2.93492,""
"RAMS_316","6 Mo","No",60,0,6,2.984923,"",41.76104,1.386294,""
"RAMS_316","12 Mo","",38,0,0,2.538602,"",41.76104,1.386294,""
"RAMS_316","3 Mo","",10,0,0,1.599066,"",41.76104,1.386294,""
"RAMS_318","6 Mo","No",40,0,2,2.504618,"",68.74632,1.635106,""
"RAMS_318","12 Mo","Yes",25,1,1,2.722859,"",68.74632,1.591274,""
"RAMS_318","3 Mo","",60,7,5,4.21836,"",68.74632,0.8628899,""
"RAMS_320","3 Mo","",10,3,0,1.599066,"",61.93222,0.7275487,""
"RAMS_320","6 Mo","No",5,0,0,1.312205,"",61.93222,0.7839016,""
"RAMS_322","6 Mo","No",30,0,1,2.239398,"",56.21089,1.609438,""
"RAMS_322","3 Mo","",80,5,3,4.462206,"",56.21089,1.791759,""
"RAMS_322","12 Mo","No",30,0,0,1.879066,"",56.21089,1.386294,""
"RAMS_323","6 Mo","Yes",9,1,0,2.313141,"",68.94899,1.853168,""
"RAMS_323","12 Mo","Yes",0,0,0,1.772355,"",68.94899,2.256541,""
"RAMS_323","3 Mo","",75,4,3,5.129147,"",68.94899,4.206035,""
"RAMS_326","3 Mo","",21,0,0,1.753066,"",60.08627,1.386294,""
"RAMS_326","12 Mo","No",4,0,0,1.454435,"",60.08627,1.217876,""
"RAMS_326","6 Mo","No",2,0,0,1.430671,"",60.08627,1.229641,""
"RAMS_328","3 Mo","",18,1,1,3.031192,"",57.55563,2.719979,""
"RAMS_328","12 Mo","No",7,0,1,2.558206,"",57.55563,3.389462,""
"RAMS_328","6 Mo","No",21,0,1,2.789675,"",57.55563,3.487987,""
"RAMS_331","3 Mo","",32,12,13,5.272995,"",63.45498,2.543176,""
"RAMS_331","12 Mo","Yes",70,15,4,5.687979,"",63.45498,2.830858,""
"RAMS_331","6 Mo","No",51,20,2,5.559682,"",63.45498,2.736962,""
"RAMS_334","6 Mo","Yes",50,7,3,4.375194,"",39.02225,2.079442,""
"RAMS_334","3 Mo","",50,12,1,4.070923,"",39.02225,0.5306283,""
"RAMS_334","12 Mo","No",50,9,0,3.589533,"",39.02225,0.6931472,""
"RAMS_336","3 Mo","",100,16,4,5.966655,"",70.43341,2.24071,""
"RAMS_336","12 Mo","No",86,18,6,6.155703,"",70.43341,2.583242,""
"RAMS_336","6 Mo","No",100,13,4,5.998348,"",70.43341,2.942332,""
"RAMS_338","6 Mo","No",0,2,0,2.251026,"",62.40055,1.386294,""
"RAMS_338","3 Mo","",40,0,0,2.019066,"",62.40055,1.386294,""
"RAMS_338","12 Mo","No",2,0,0,1.742135,"",62.40055,1.386294,""
"RAMS_340","6 Mo","No",40,3,1,3.679211,"",65.70079,2.525729,""
"RAMS_340","3 Mo","",40,1,0,2.840983,"",65.70079,2.113843,""
"RAMS_340","12 Mo","No",45,2,2,3.422973,"",65.70079,1.791759,""
"RAMS_342","6 Mo","Yes",30,6,2,3.748747,"",70.14858,1.669592,""
"RAMS_342","12 Mo","No",0,0,0,1.535051,"",70.14858,1.597365,""
"RAMS_342","3 Mo","",12,1,4,2.834402,"",70.14858,1.214913,""
"RAMS_344","6 Mo","No",50,2,0,3.017411,"",54.69634,1.570697,""
"RAMS_344","12 Mo","No",45,3,22,4.320122,"",54.69634,1.241269,""
"RAMS_345","3 Mo","",10,0,1,1.607258,"",53.31873,0.6312718,""
"RAMS_345","6 Mo","No",72,11,7,5.089543,"",53.31873,1.453953,""
"RAMS_345","12 Mo","No",19,0,0,1.6215,"",53.31873,1.098612,""
"RAMS_348","3 Mo","",50,6,1,3.956748,"",45.75967,1.791759,""
"RAMS_348","6 Mo","No",70,9,2,4.166716,"",45.75967,0.4187103,""
"RAMS_348","12 Mo","No",80,17,0,4.504889,"",45.75967,0.3220835,""
"RAMS_350","12 Mo","Yes",80,4,5,5.016792,"",79.06881,3.549617,""
"RAMS_350","3 Mo","",22,2,0,3.593102,"",79.06881,4.258729,""
"RAMS_350","6 Mo","No",25,0,0,2.086305,"",79.06881,2.156403,""
"RAMS_353","3 Mo","",5,1,8,3.541798,"",68.20678,3.044523,""
"RAMS_353","12 Mo","No",18,0,9,2.188237,"",68.20678,0.3784364,""
"RAMS_353","6 Mo","No",20,0,5,3.44051,"",68.20678,4.373364,""
"RAMS_355","12 Mo","No",75,1,2,4.062008,"",63.72064,3.044523,""
"RAMS_355","3 Mo","",75,11,11,5.891993,"",63.72064,3.044523,""
"RAMS_355","6 Mo","No",70,7,1,4.797649,"",63.72064,3.044523,""
"RAMS_357","6 Mo","No",50,7,0,3.374578,"",60.71619,0.6471033,""
"RAMS_359","6 Mo","No",34,9,0,4.123241,"",43.86443,2.797891,""
"RAMS_359","3 Mo","",48,21,6,5.79576,"",43.86443,0.9593502,""
"RAMS_359","12 Mo","No",40,12,0,4.372884,"",43.86443,2.536075,""
"RAMS_362","3 Mo","",70,2,5,3.965828,"",75.47279,1.688249,""
"RAMS_362","12 Mo","Yes",50,5,8,4.533088,"",75.47279,2.302585,""
"RAMS_362","6 Mo","Yes",75,0,3,3.886727,"",75.47279,3.865979,""
"RAMS_364","12 Mo","Yes",80,16,11,6.066249,"",40.49298,2.271094,""
"RAMS_364","3 Mo","",1,0,2,1.800528,"",40.49298,0.9745596,""
"RAMS_364","6 Mo","No",1,0,0,1.396094,"",40.49298,1.172482,""
"RAMS_366","12 Mo","Yes",90,0,0,3.638598,"",46.10476,1.386294,""
"RAMS_366","6 Mo","Yes",30,1,2,2.835046,"",46.10476,1.386294,""
"RAMS_366","3 Mo","",10,0,0,1.599066,"",46.10476,1.386294,""
"RAMS_367","6 Mo","No",18,6,3,3.647365,"",71.71516,1.607436,""
"RAMS_367","12 Mo","No",90,4,0,4.214988,"",71.71516,1.098612,""
"RAMS_367","3 Mo","",80,6,2,4.92974,"",71.71516,3.005683,""
"RAMS_370","6 Mo","No",64,3,3,3.79995,"",38.70455,1.358409,""
"RAMS_370","12 Mo","No",20,0,0,1.501917,"",38.70455,0.7275487,""
"RAMS_370","3 Mo","",71,4,3,4.349975,"",38.70455,2.197225,""
"RAMS_372","6 Mo","No",25,0,0,1.780025,"",56.47655,1.305627,""
"RAMS_372","12 Mo","No",40,2,0,3.128623,"",56.47655,1.050822,""
"RAMS_372","3 Mo","",35,0,0,1.75759,"",56.47655,0.8544154,""
"RAMS_375","12 Mo","Yes",58,18,7,6.177554,"",70.34577,3.58018,""
"RAMS_375","3 Mo","",39,4,3,3.525978,"",70.34577,1.617406,""
"RAMS_375","6 Mo","No",41,2,5,4.16995,"",70.34577,3.383033,""
"RAMS_378","3 Mo","",66,1,0,3.404452,"",76.886,2.667922,""
"RAMS_378","12 Mo","No",23,0,0,1.322798,"",76.886,0.1133287,""
"RAMS_378","6 Mo","No",33,0,0,2.295248,"",76.886,2.425687,""
"RAMS_380","6 Mo","No",56,8,4,4.784281,"",52.36563,2.489894,""
"RAMS_380","3 Mo","",70,14,4,5.224924,"",52.36563,1.791759,""
"RAMS_380","12 Mo","No",68,14,6,5.726242,"",52.36563,2.869602,""
"RAMS_382","12 Mo","Yes",40,3,3,3.473989,"",49.98562,1.386294,""
"RAMS_382","6 Mo","Yes",5,4,0,3.073382,"",49.98562,2.564949,""
"RAMS_382","3 Mo","",75,3,0,3.90333,"",49.98562,2.564949,""
"RAMS_384","12 Mo","No",20,27,11,5.86446,"",84.40397,0.5766134,""
"RAMS_384","6 Mo","Yes",70,1,0,2.705553,"",84.40397,0.5709795,""
"RAMS_384","3 Mo","",49,7,6,4.380423,"",84.40397,1.574847,""
"RAMS_386","12 Mo","No",82,26,13,6.462033,"",52.14927,1.358409,""
"RAMS_386","3 Mo","",16,9,10,4.374682,"",52.14927,4.26268,""
"RAMS_386","6 Mo","No",59,24,22,6.269269,"",52.14927,1.18479,""
"RAMS_388","6 Mo","No",39,0,0,2.151033,"",60.5327,1.791759,""
"RAMS_388","3 Mo","",76,0,5,3.295132,"",60.5327,1.791759,""
"RAMS_388","12 Mo","No",60,0,0,2.445033,"",60.5327,1.791759,""
"RAMS_389","3 Mo","",0,1,0,2.295471,"",79.55905,2.154085,""
"RAMS_389","6 Mo","No",10,1,2,2.458609,"",79.55905,1.118415,""
"RAMS_392","12 Mo","No",60,8,4,4.42071,"",39.28518,1.324419,""
"RAMS_392","6 Mo","No",45,8,8,4.619802,"",39.28518,1.816452,""
"RAMS_394","12 Mo","No",17,0,0,1.946599,"",60.70524,2.079442,""
"RAMS_394","3 Mo","",29,20,6,4.964717,"",60.70524,1.134623,""
"RAMS_394","6 Mo","No",21,22,2,4.533275,"",60.70524,0.7129498,""
"RAMS_397","12 Mo","No",100,3,2,4.858808,"",52.93803,2.557227,""
"RAMS_397","6 Mo","No",70,22,6,6.173092,"",52.93803,2.557227,""
"RAMS_397","3 Mo","",100,13,2,5.845582,"",52.93803,2.426571,""
"RAMS_400","12 Mo","Yes",25,1,3,3.283852,"",69.76515,2.580217,""
"RAMS_400","6 Mo","Yes",5,1,1,2.916288,"",69.76515,2.906354,""
"RAMS_402","12 Mo","No",17,3,1,3.089364,"",28.34646,1.781709,""
"RAMS_402","6 Mo","Yes",66,1,1,3.184135,"",28.34646,1.278152,""
"RAMS_404","12 Mo","No",50,1,1,2.749533,"",50.03492,0.6931472,""
"RAMS_404","3 Mo","",5,0,0,1.312205,"",50.03492,0.6931472,""
"RAMS_404","6 Mo","No",18,0,0,1.461533,"",50.03492,0.6931472,""
"RAMS_406","3 Mo","",10,2,0,2.223261,"",44.73536,0.9202827,""
"RAMS_406","12 Mo","Yes",10,1,1,2.644619,"",44.73536,1.957274,""
"RAMS_406","6 Mo","No",10,0,0,1.557114,"",44.73536,1.26976,""
"RAMS_408","12 Mo","No",63,4,7,4.870986,"",75.32763,3.244933,""
"RAMS_408","3 Mo","",63,11,7,5.438252,"",75.32763,2.772589,""
"RAMS_408","6 Mo","No",68,4,5,4.61755,"",75.32763,2.665143,""
"RAMS_410","3 Mo","",9,20,1,4.265896,"",69.65285,1.098612,""
"RAMS_410","6 Mo","Yes",49,0,0,2.145066,"",69.65285,1.386294,""
"RAMS_410","12 Mo","Yes",0,26,10,5.997956,"",69.65285,2.70805,""
"RAMS_411","3 Mo","",30,3,1,2.859116,"",73.01061,0.6365768,""
"RAMS_411","6 Mo","No",30,10,6,4.110623,"",73.01061,0.7608058,""
"RAMS_411","12 Mo","No",50,10,10,4.880264,"",73.01061,1.56653,""
"RAMS_414","6 Mo","No",30,1,1,2.658435,"",54.0089,1.217876,""
"RAMS_416","3 Mo","",10,1,1,2.161467,"",33.59945,0.6151857,""
"RAMS_416","12 Mo","No",10,1,1,2.135237,"",33.59945,0.5423243,""
"RAMS_416","6 Mo","No",15,1,1,2.09887,"",33.59945,0.2468601,""
"RAMS_419","3 Mo","",11,1,0,2.433361,"",75.64806,3.249211,""
"RAMS_419","6 Mo","No",18,1,0,2.742309,"",75.64806,2.695303,""
"RAMS_419","12 Mo","No",15,1,1,3.100674,"",75.64806,3.02965,""
"RAMS_422","6 Mo","Yes",60,8,0,4.393129,"",41.91715,2.80336,""
"RAMS_422","3 Mo","",60,1,0,3.192513,"",41.91715,2.312536,""
"RAMS_424","6 Mo","No",30,0,0,1.898341,"",57.03252,1.439835,""
"RAMS_424","12 Mo","No",20,0,0,1.794817,"",57.03252,1.541159,""
"RAMS_424","3 Mo","",40,3,0,3.243907,"",57.03252,2.09433,""
"RAMS_426","3 Mo","",64,14,13,5.774674,"",77.15987,2.955951,""
"RAMS_426","6 Mo","No",45,7,9,4.709751,"",77.15987,2.217027,""
"RAMS_428","3 Mo","",50,0,0,2.580602,"",53.17083,2.557227,""
"RAMS_428","6 Mo","No",0,0,0,1.605033,"",53.17083,1.791759,""
"RAMS_430","3 Mo","",40,2,2,3.352973,"",53.81718,1.791759,""
"RAMS_430","6 Mo","No",10,0,0,1.432733,"",53.81718,0.9242589,""
"RAMS_430","12 Mo","No",20,0,0,1.471067,"",53.81718,0.6418539,""
"RAMS_432","6 Mo","Yes",30,9,7,4.320853,"",71.15372,1.444563,""
"RAMS_432","3 Mo","",46,5,1,3.4675,"",71.15372,0.9202827,""
"RAMS_432","12 Mo","No",19,3,1,2.991721,"",71.15372,1.432701,""
"RAMS_433","12 Mo","No",10,0,6,3.064752,"",62.55118,3.552487,""
"RAMS_433","3 Mo","",45,0,4,3.547363,"",62.55118,3.881564,""
"RAMS_433","6 Mo","No",48,6,5,5.157208,"",62.55118,4.242764,""
"RAMS_436","6 Mo","No",100,0,0,3.215301,"",72.03561,2.375836,""
"RAMS_436","12 Mo","No",0,0,0,2.271232,"",72.03561,3.642312,""
"RAMS_436","3 Mo","",10,1,1,2.019066,"",72.03561,2.345644,""
"RAMS_438","6 Mo","Yes",90,12,0,5.35949,"",71.77816,3.332205,""
"RAMS_438","3 Mo","",40,1,0,2.579066,"",71.77816,1.386294,""
"RAMS_438","12 Mo","Yes",50,10,0,4.380936,"",71.77816,2.639057,""
"RAMS_441","3 Mo","",77,1,2,3.35155,"",39.52071,0.9932518,""
"RAMS_441","12 Mo","No",26,2,1,2.764042,"",39.52071,1.022451,""
"RAMS_441","6 Mo","No",35,7,6,4.040684,"",39.52071,1.175573,""
"RAMS_443","6 Mo","No",50,8,3,4.373927,"",61.28038,1.791759,""
"RAMS_443","3 Mo","",90,5,0,5.347765,"",61.28038,4.437816,""
"RAMS_443","12 Mo","",75,1,5,3.869746,"",61.28038,2.572612,""
"RAMS_445","12 Mo","No",38,2,0,2.928993,"",39.23314,1.791759,""
"RAMS_445","6 Mo","No",30,1,0,2.014525,"",39.23314,0.2070142,""
"RAMS_445","3 Mo","",30,1,0,2.06113,"",39.23314,0.3364722,""
"RAMS_447","6 Mo","No",30,3,3,3.1204,"",75.09209,0.7929925,""
"RAMS_447","12 Mo","No",20,2,2,2.649406,"",75.09209,0.6151857,""
"RAMS_447","3 Mo","",70,2,2,3.772973,"",75.09209,1.791759,""
"RAMS_450","3 Mo","",10,1,8,3.005232,"",68.2013,1.536867,""
"RAMS_450","6 Mo","Yes",15,3,4,3.279346,"",68.2013,1.609438,""
"RAMS_452","6 Mo","No",36,4,4,3.615,"",56.23553,1.308333,""
"RAMS_452","3 Mo","",49,0,9,4.350912,"",56.23553,3.383033,""
"RAMS_454","3 Mo","",17,0,1,2.022654,"",56.61623,1.512927,""
"RAMS_454","6 Mo","No",14,1,4,3.024599,"",56.61623,2.079442,""
"RAMS_454","12 Mo","No",6,1,2,2.499046,"",56.61623,1.386294,""
"RAMS_455","6 Mo","Yes",70,2,2,3.489488,"",68.56556,1.004302,""
"RAMS_455","3 Mo","",70,1,0,2.999066,"",68.56556,1.386294,""
"RAMS_458","12 Mo","No",90,0,0,2.380087,"",74.15269,0.4446858,""
"RAMS_458","6 Mo","No",4,0,0,1.154694,"",74.15269,0.3852624,""
"RAMS_458","3 Mo","",0,0,0,1.459066,"",74.15269,1.386294,""
"RAMS_460","12 Mo","No",70,8,7,5.726489,"",76.71619,4.060443,""
"RAMS_460","3 Mo","",45,0,0,2.508643,"",76.71619,2.551786,""
"RAMS_460","6 Mo","No",35,1,0,2.513538,"",76.71619,1.398717,""
"RAMS_463","6 Mo","No",74,1,5,4.374682,"",40.78329,3.31273,""
"RAMS_466","6 Mo","No",27,10,1,3.55582,"",45.70763,0.463734,""
"RAMS_466","12 Mo","No",37,0,0,1.580664,"",45.70763,0.285179,""
"RAMS_466","3 Mo","",70,24,3,5.224924,"",45.70763,0.1570037,""
"RAMS_468","12 Mo","No",64,17,9,5.669247,"",41.45977,1.8453,""
"RAMS_468","6 Mo","No",77,24,6,5.845582,"",41.45977,1.050822,""
"RAMS_468","3 Mo","",76,28,4,6.173092,"",41.45977,1.791759,""
"RAMS_470","12 Mo","No",5,0,7,2.866838,"",50.35262,3.044523,""
"RAMS_470","3 Mo","",5,1,5,2.916627,"",50.35262,1.94591,""
"RAMS_470","6 Mo","No",5,0,0,1.821001,"",50.35262,2.197225,""
"RAMS_472","12 Mo","No",30,0,0,2.260495,"",52.98186,2.445819,""
"RAMS_472","3 Mo","",15,0,0,1.674426,"",52.98186,1.401183,""
"RAMS_472","6 Mo","No",22,0,0,1.634785,"",52.98186,1.018847,""
"RAMS_474","12 Mo","No",58,14,9,5.580894,"",64.12051,2.426571,""
"RAMS_474","6 Mo","No",36,9,4,4.696234,"",64.12051,2.756205,""
"RAMS_474","3 Mo","",49,21,4,5.189551,"",64.12051,2.70805,""
"RAMS_476","12 Mo","",4,1,1,1.450841,"",66.45122,0.6471033,""
"RAMS_476","6 Mo","No",10,0,0,1.963242,"",66.45122,2.397895,""
"RAMS_476","3 Mo","",5,0,0,1.858931,"",66.45122,2.302585,""
"RAMS_477","12 Mo","Yes",10,1,5,2.785165,"",52.37932,1.386294,""
"RAMS_477","6 Mo","Yes",23,2,2,2.768218,"",52.37932,0.8285518,""
"RAMS_477","3 Mo","",27,14,10,4.817832,"",52.37932,1.386294,""
"RAMS_480","3 Mo","",16,0,4,2.151033,"",41.38583,1.98238,""
"RAMS_480","6 Mo","No",15,2,0,2.694924,"",41.38583,2.036012,""
"RAMS_480","12 Mo","No",7,26,23,5.758275,"",41.38583,1.280934,""
"RAMS_482","6 Mo","No",50,8,2,4.623804,"",55.21397,2.733068,""
"RAMS_482","3 Mo","",60,8,2,4.655684,"",55.21397,2.432736,""
"RAMS_482","12 Mo","No",55,22,4,5.942887,"",55.21397,2.850706,""
"RAMS_485","12 Mo","No",15,0,0,1.399168,"",61.64738,0.6365768,""
"RAMS_485","6 Mo","No",9,1,2,2.263447,"",61.64738,0.6151857,""
"RAMS_485","3 Mo","",16,0,1,2.06113,"",61.64738,0.1739533,""
"RAMS_488","6 Mo","No",10,0,0,1.353115,"",46.44163,0.7030975,""
"RAMS_488","12 Mo","No",10,1,1,2.251026,"",46.44163,0.2776317,""
"RAMS_488","3 Mo","",25,2,0,2.746993,"",46.44163,1.791759,""
"RAMS_490","3 Mo","",35,3,1,3.046426,"",49.21602,0.7884574,""
"RAMS_490","6 Mo","No",21,1,5,2.6093,"",49.21602,0.4700036,""
"RAMS_490","12 Mo","No",13,1,0,2.154022,"",49.21602,1.255616,""
"RAMS_492","3 Mo","",62,8,10,4.362993,"",65.59397,0.1823216,""
"RAMS_492","6 Mo","No",22,3,3,2.757234,"",65.59397,0.0953102,""
"RAMS_492","12 Mo","No",27,2,8,2.93256,"",65.59397,0.0295588,""
"RAMS_494","6 Mo","No",80,16,2,5.588909,"",51.04279,2.424803,""
"RAMS_494","3 Mo","",90,19,12,6.555696,"",51.04279,2.568788,""
"RAMS_494","12 Mo","No",80,24,10,6.698345,"",51.04279,2.748552,""
"RAMS_496","6 Mo","Yes",60,7,9,4.995186,"",56.41356,2.426571,""
"RAMS_496","3 Mo","",45,6,7,4.952939,"",56.41356,3.850147,""
"RAMS_496","12 Mo","Yes",39,5,5,3.762593,"",56.41356,1.050822,""
"RAMS_498","6 Mo","No",20,3,0,2.275584,"",51.48374,0.1823216,""
"RAMS_498","3 Mo","",52,0,0,3.407779,"",51.48374,2.079442,""
"RAMS_498","12 Mo","No",0,0,0,1.451947,"",51.48374,1.386294,""
"RAMS_499","6 Mo","No",50,5,1,3.407779,"",70.67168,0.5988365,""
"RAMS_499","3 Mo","",24,3,2,3.073848,"",70.67168,1.144223,""
"RAMS_502","3 Mo","",29,4,6,4.121918,"",47.37008,2.639057,""
"RAMS_502","12 Mo","Yes",82,3,0,3.657346,"",47.37008,1.609438,""
"RAMS_502","6 Mo","No",25,2,1,2.847074,"",47.37008,1.291984,""
"RAMS_504","12 Mo","No",70,2,1,3.511026,"",47.92605,1.386294,""
"RAMS_504","3 Mo","",40,0,2,2.169095,"",47.92605,0.7030975,""
"RAMS_504","6 Mo","",55,0,1,2.420772,"",47.92605,1.141033,""
"RAMS_507","3 Mo","",54,0,8,3.792991,"",59.80965,3.569533,""
"RAMS_507","12 Mo","Yes",34,0,2,3.022854,"",59.80965,3.307985,""
"RAMS_507","6 Mo","Yes",32,0,0,2.83608,"",59.80965,3.96689,""
"RAMS_508","6 Mo","",30,0,0,2.08411,"",80.84628,1.95586,""
"RAMS_508","3 Mo","",17,0,0,2.092566,"",80.84628,2.484907,""
"RAMS_509","12 Mo","No",21,0,0,1.967657,"",43.81513,1.98238,""
"RAMS_509","6 Mo","No",16,3,3,3.337904,"",43.81513,1.941615,""
"RAMS_511","12 Mo","No",36,4,0,3.478566,"",30.37042,2.484907,""
"RAMS_511","3 Mo","",90,21,14,7.187939,"",30.37042,3.7612,""
"RAMS_511","6 Mo","No",100,26,22,7.84765,"",30.37042,3.663562,""
"RAMS_513","12 Mo","No",12,0,0,1.501917,"",65.29819,0.9242589,""
"RAMS_513","3 Mo","",21,5,2,3.974469,"",65.29819,2.978586,""
"RAMS_513","6 Mo","No",11,2,8,3.291436,"",65.29819,1.648659,""
"RAMS_515","12 Mo","No",90,12,6,5.490788,"",38.90174,1.791759,""
"RAMS_515","3 Mo","",84,7,5,4.888753,"",38.90174,1.791759,""
"RAMS_515","6 Mo","Yes",80,16,8,5.706859,"",38.90174,1.652497,""
"RAMS_517","3 Mo","",34,3,1,3.243071,"",63.52345,1.547562,""
"RAMS_517","12 Mo","No",20,0,0,1.658734,"",63.52345,1.163151,""
"RAMS_517","6 Mo","No",50,2,2,3.218602,"",63.52345,1.029619,""
"RAMS_519","12 Mo","No",20,1,7,3.169896,"",51.0291,1.747459,""
"RAMS_519","3 Mo","",15,0,3,2.013876,"",51.0291,0.9969487,""
"RAMS_519","6 Mo","No",39,0,9,2.852195,"",51.0291,1.406097,""
"RAMS_521","12 Mo","No",10,7,2,4.364801,"",80.5861,3.853334,""
"RAMS_521","6 Mo","No",50,0,6,3.454187,"",80.5861,3.078694,""
"RAMS_521","3 Mo","",75,18,4,6.861107,"",80.5861,5.320079,""
"RAMS_522","12 Mo","No",37,4,0,2.847533,"",41.29545,0.6931472,""
"RAMS_522","6 Mo","Yes",50,8,8,4.285412,"",41.29545,0.6931472,""
"RAMS_525","6 Mo","No",95,13,9,6.64405,"",59.1496,4.152614,""
"RAMS_525","3 Mo","",9,2,1,2.998927,"",59.1496,2.33602,""
"RAMS_525","12 Mo","Yes",0,0,0,1.911088,"",59.1496,2.64191,""
"RAMS_526","12 Mo","Yes",15,0,1,2.515824,"",48.367,2.960623,""
"RAMS_526","3 Mo","",29,1,1,3.13159,"",48.367,2.571084,""
"RAMS_526","6 Mo","Yes",5,0,0,2.2319,"",48.367,3.338613,""
"RAMS_527","3 Mo","",24,5,0,3.193232,"",77.39542,1.791759,""
"RAMS_527","12 Mo","No",28,0,0,1.997033,"",77.39542,1.791759,""
"RAMS_527","6 Mo","No",10,0,0,1.745033,"",77.39542,1.791759,""
"RAMS_86","Baseline","No",0,1,1,2.312319,"F",21.17905,1.423108,"never"
"RAMS_51","Baseline","No",28,12,2,4.090506,"F",24.41356,1.118415,"never"
"RAMS_139","Baseline","No",40,10,1,3.894933,"F",28.2013,0.9001614,"current"
"RAMS_511","Baseline","No",50,19,7,6.499655,"F",30.37042,4.60517,"never"
"RAMS_147","Baseline","No",30,4,4,3.128623,"F",35.39883,0.1906203,"never"
"RAMS_162","Baseline","No",15,16,14,4.853165,"F",37.11058,1.098612,"previous"
"RAMS_292","Baseline","Yes",74,0,14,4.280596,"F",37.55974,3.435921,"previous"
"RAMS_515","Baseline","Yes",100,5,4,4.962799,"F",38.90174,2.196113,"current"
"RAMS_334","Baseline","Yes",45,4,2,3.432953,"F",39.02225,0.9082586,""
"RAMS_102","Baseline","No",48,9,18,5.612715,"F",39.50428,3.091043,"never"
"RAMS_441","Baseline","No",64,3,2,3.879925,"F",39.52071,1.82777,"previous"
"RAMS_364","Baseline","No",75,2,10,4.456548,"F",40.49298,2.13653,"never"
"RAMS_314","Baseline","Yes",55,20,0,5.301709,"F",40.61623,2.964757,"previous"
"RAMS_463","Baseline","No",65,3,1,4.244,"F",40.78329,3.122365,"previous"
"RAMS_158","Baseline","No",42,2,2,3.534461,"F",41.36118,2.218116,"never"
"RAMS_480","Baseline","No",15,1,0,2.490548,"F",41.38583,2.112634,"current"
"RAMS_468","Baseline","No",77,23,1,5.28751,"F",41.45977,0.7884574,"current"
"RAMS_316","Baseline","No",40,0,0,2.019066,"F",41.76104,1.386294,"previous"
"RAMS_422","Baseline","No",55,8,2,4.708705,"F",41.91715,2.774462,"never"
"RAMS_36","Baseline","No",25,2,4,3.49089,"F",42.02944,2.302585,"previous"
"RAMS_95","Baseline","No",52,0,3,2.642023,"F",43.39883,1.302913,"current"
"RAMS_509","Baseline","No",25,10,2,4.059122,"F",43.81513,1.617406,"never"
"RAMS_359","Baseline","No",69,17,4,5.653239,"F",43.86443,2.384165,"never"
"RAMS_116","Baseline","No",44,3,3,4.236256,"F",43.87812,3.348148,"current"
"RAMS_288","Baseline","No",11,4,2,2.895359,"F",43.99863,0.7371641,"never"
"RAMS_56","Baseline","Yes",0,0,0,1.223652,"F",45.79528,0.7323679,"never"
"RAMS_366","Baseline","Yes",5,0,0,1.609398,"F",46.10476,1.609438,"previous"
"RAMS_206","Baseline","No",44,11,11,5.062492,"F",46.4252,1.94591,"current"
"RAMS_488","Baseline","No",50,5,3,3.782942,"F",46.44163,1.071584,"current"
"RAMS_124","Baseline","No",33,3,3,3.900462,"F",46.78672,2.843164,"current"
"RAMS_23","Baseline","No",24,10,2,3.785447,"F",46.8278,0.8960881,"never"
"RAMS_168","Baseline","No",70,28,25,7.27814,"F",47.04964,2.70805,"current"
"RAMS_120","Baseline","No",20,4,2,3.565686,"F",47.19754,2.249184,"never"
"RAMS_304","Baseline","No",80,22,8,5.76051,"F",47.24957,0.7275487,"never"
"RAMS_502","Baseline","No",46,7,8,5.255265,"F",47.37008,3.826901,"previous"
"RAMS_504","Baseline","No",20,1,1,2.444176,"F",47.92605,1.011601,"current"
"RAMS_298","Baseline","No",69,15,7,5.94235,"F",48.25197,3.074081,"never"
"RAMS_526","Baseline","Yes",26,2,0,3.047825,"F",48.367,2.588516,"never"
"RAMS_490","Baseline","No",62,6,2,4.051795,"F",49.21602,1.266948,"previous"
"RAMS_260","Baseline","No",16,2,2,2.717305,"F",49.3557,0.9593502,"never"
"RAMS_202","Baseline","No",85,1,1,4.054142,"F",49.36392,2.955951,"current"
"RAMS_382","Baseline","Yes",70,0,0,2.959957,"F",49.98562,2.833213,"previous"
"RAMS_404","Baseline","No",80,3,2,4.604723,"F",50.03492,3.218876,"never"
"RAMS_470","Baseline","No",20,12,10,5.651753,"F",50.35262,4.406719,"never"
"RAMS_108","Baseline","No",40,1,4,4.041936,"F",50.82369,3.894266,"never"
"RAMS_519","Baseline","No",20,4,8,3.707547,"F",51.0291,1.543298,"never"
"RAMS_494","Baseline","No",60,15,5,5.372522,"F",51.04279,2.159869,"previous"
"RAMS_282","Baseline","Yes",76,12,3,4.679938,"F",51.27011,0.6418539,"current"
"RAMS_498","Baseline","No",91,10,0,4.235943,"F",51.48374,0.6418539,"previous"
"RAMS_296","Baseline","Yes",70,13,6,4.81641,"F",51.848,0.4762342,"never"
"RAMS_188","Baseline","No",12,3,4,2.855272,"F",52.14379,0.5481214,"never"
"RAMS_386","Baseline","No",60,23,15,6.288682,"F",52.14927,1.99606,"previous"
"RAMS_221","Baseline","No",60,23,16,5.957863,"F",52.28073,0.9783261,"previous"
"RAMS_380","Baseline","No",71,5,5,4.671169,"F",52.36563,2.3302,"never"
"RAMS_477","Baseline","Yes",70,12,4,5.284329,"F",52.37932,2.345644,"never"
"RAMS_152","Baseline","No",43,2,11,4.226189,"F",52.44231,2.621039,"never"
"RAMS_234","Baseline","Yes",0,10,7,4.172214,"F",52.59295,1.94591,"current"
"RAMS_67","Baseline","No",10,1,1,2.285366,"F",52.69428,0.9593502,"previous"
"RAMS_397","Baseline","No",80,26,25,6.980484,"F",52.93803,1.791759,"current"
"RAMS_472","Baseline","No",25,0,1,2.010977,"F",52.98186,1.169381,"current"
"RAMS_133","Baseline","No",26,6,5,4.307585,"F",53.12701,2.738256,"never"
"RAMS_428","Baseline","No",80,10,10,5.416748,"F",53.17083,1.890095,"current"
"RAMS_345","Baseline","No",80,10,6,5.627407,"F",53.31873,3.02965,"previous"
"RAMS_274","Baseline","No",30,28,12,6.315127,"F",53.47758,2.783158,"never"
"RAMS_284","Baseline","Yes",25,1,0,2.371756,"F",53.74598,1.393766,"never"
"RAMS_430","Baseline","No",57,6,6,4.09114,"F",53.81718,0.7654678,"previous"
"RAMS_414","Baseline","No",23,0,4,2.321652,"F",54.0089,1.332366,"never"
"RAMS_344","Baseline","Yes",50,3,0,2.857206,"F",54.69634,0.6312718,"never"
"RAMS_130","Baseline","Yes",70,25,8,6.455341,"F",55.16741,2.564949,"never"
"RAMS_482","Baseline","No",50,15,4,5.186608,"F",55.21397,2.215937,"never"
"RAMS_114","Baseline","Yes",10,2,0,2.963334,"F",55.24136,2.97604,"never"
"RAMS_45","Baseline","No",35,4,2,4.662576,"F",55.41938,4.712768,"never"
"RAMS_64","Baseline","No",62,0,3,3.403474,"F",55.43855,3.029167,"current"
"RAMS_279","Baseline","No",79,7,5,4.89279,"F",55.4495,1.997418,"previous"
"RAMS_80","Baseline","No",50,2,0,3.031357,"F",55.8165,1.609438,"previous"
"RAMS_98","Baseline","No",50,0,0,2.207812,"F",55.8658,1.521699,"never"
"RAMS_452","Baseline","No",46,1,8,3.755655,"F",56.23553,2.221375,"never"
"RAMS_183","Baseline","No",83,25,23,8.204109,"F",56.29031,5.386878,"previous"
"RAMS_496","Baseline","No",32,9,12,4.827949,"F",56.41356,2.138889,"never"
"RAMS_240","Baseline","No",44,3,0,3.190381,"F",56.59706,1.790091,"previous"
"RAMS_454","Baseline","No",7,0,6,2.6071,"F",56.61623,2.397895,"previous"
"RAMS_262","Baseline","No",25,7,1,3.400043,"F",56.6354,0.9122827,"current"
"RAMS_235","Baseline","No",70,21,7,6.173193,"F",56.66826,2.572612,"previous"
"RAMS_5","Baseline","No",30,14,12,5.214852,"F",56.76412,2.13771,"never"
"RAMS_1","Baseline","No",77,24,11,6.549305,"F",56.92845,2.331172,"current"
"RAMS_424","Baseline","No",30,3,0,2.96103,"F",57.03252,1.697449,"previous"
"RAMS_269","Baseline","No",20,22,17,6.387398,"F",57.39404,3.795264,"never"
"RAMS_106","Baseline","Yes",24,6,2,3.155365,"F",58.10339,0.2546422,"never"
"RAMS_59","Baseline","Yes",35,0,0,2.273124,"F",58.38822,2.286456,"previous"
"RAMS_172","Baseline","No",11,3,4,3.147486,"F",58.48956,1.398717,"never"
"RAMS_40","Baseline","No",20,3,8,3.94522,"F",58.54707,2.620311,"current"
"RAMS_42","Baseline","No",73,5,3,4.156541,"F",58.60459,1.214913,"previous"
"RAMS_150","Baseline","No",47,5,6,4.121506,"F",58.73331,1.570697,"never"
"RAMS_525","Baseline","No",8,8,2,4.185805,"F",59.1496,3.14974,"previous"
"RAMS_232","Baseline","No",11,0,1,2.226513,"F",59.59603,2.312536,"never"
"RAMS_507","Baseline","No",22,2,2,3.437966,"F",59.80965,2.727853,"previous"
"RAMS_326","Baseline","No",44,6,0,3.344413,"F",60.08627,1.10194,"current"
"RAMS_394","Baseline","No",19,3,8,3.289317,"F",60.70524,0.8372475,"current"
"RAMS_357","Baseline","No",47,0,0,1.876422,"F",60.71619,0.7178398,"current"
"RAMS_278","Baseline","No",51,2,7,4.822679,"F",60.72715,4.488636,"previous"
"RAMS_34","Baseline","Yes",45,21,5,5.274135,"F",60.9709,1.366092,"current"
"RAMS_18","Baseline","No",48,26,4,6.004388,"F",61.23383,2.658159,"never"
"RAMS_443","Baseline","No",75,9,7,5.075844,"F",61.28038,1.791759,"previous"
"RAMS_146","Baseline","No",24,6,4,3.571698,"F",61.58439,0.9555115,"previous"
"RAMS_485","Baseline","No",11,2,4,3.505692,"F",61.64738,2.888147,"never"
"RAMS_226","Baseline","No",28,14,11,5.016792,"F",61.97878,1.780024,"current"
"RAMS_433","Baseline","No",70,26,14,6.990202,"F",62.55118,3.186353,"previous"
"RAMS_177","Baseline","Yes",35,0,10,2.951105,"F",62.77576,1.710188,"never"
"RAMS_144","Baseline","No",8,0,0,1.243444,"F",62.81684,0.4762342,"never"
"RAMS_306","Baseline","No",43,9,14,5.18423,"F",62.81958,2.484907,"never"
"RAMS_331","Baseline","No",71,9,3,4.962024,"F",63.45498,2.341806,"previous"
"RAMS_517","Baseline","No",90,10,10,5.735938,"F",63.52345,2.387845,""
"RAMS_355","Baseline","No",90,12,5,5.86446,"F",63.72064,2.995732,"never"
"RAMS_78","Baseline","No",49,26,12,5.640601,"F",63.90688,0.4700036,"previous"
"RAMS_474","Baseline","No",53,11,4,5.189028,"F",64.12051,2.97144,"never"
"RAMS_199","Baseline","No",60,14,11,5.511418,"F",64.31223,1.909543,"never"
"RAMS_300","Baseline","No",17,0,0,1.578804,"F",64.73125,1.05779,"never"
"RAMS_301","Baseline","Yes",9,0,7,2.518487,"F",64.83807,1.921325,"current"
"RAMS_513","Baseline","No",100,15,15,7.237334,"F",65.29819,4.511189,"never"
"RAMS_246","Baseline","No",80,22,5,5.950347,"F",65.52824,1.715598,"never"
"RAMS_72","Baseline","Yes",48,12,3,4.571783,"F",65.60767,1.430311,"never"
"RAMS_174","Baseline","No",20,1,2,2.933614,"F",65.62136,2.048982,"never"
"RAMS_257","Baseline","No",45,2,1,2.900527,"F",66.94694,0.662688,"never"
"RAMS_290","Baseline","No",88,0,0,3.510882,"F",66.94968,3.663562,"current"
"RAMS_76","Baseline","No",51,9,2,4.207094,"F",67.13865,1.26976,"current"
"RAMS_287","Baseline","No",66,16,4,5.997956,"F",67.43718,3.649879,"never"
"RAMS_125","Baseline","No",19,2,0,2.866847,"F",67.63985,2.35802,"previous"
"RAMS_20","Baseline","No",40,18,6,4.917315,"F",68.17665,0.9321641,"never"
"RAMS_450","Baseline","Yes",50,12,0,4.414506,"F",68.2013,2.262804,"previous"
"RAMS_455","Baseline","Yes",40,6,2,3.887389,"F",68.56556,1.665818,"never"
"RAMS_210","Baseline","No",55,14,4,4.967594,"F",68.61486,1.617406,"current"
"RAMS_318","Baseline","No",80,13,14,5.610897,"F",68.74632,1.289233,"current"
"RAMS_410","Baseline","Yes",10,4,2,4.045285,"F",69.65285,3.970292,"never"
"RAMS_276","Baseline","No",24,4,1,4.293614,"F",70.01164,4.437816,"never"
"RAMS_336","Baseline","No",100,13,13,6.389931,"F",70.43341,2.781301,"never"
"RAMS_169","Baseline","No",60,4,7,4.677577,"F",70.51832,2.824351,"previous"
"RAMS_81","Baseline","No",17,1,0,2.865334,"F",71.07429,3.075929,"previous"
"RAMS_432","Baseline","Yes",34,7,10,4.28649,"F",71.15372,1.342865,"previous"
"RAMS_252","Baseline","No",2,0,0,1.749852,"F",71.20849,2.116256,"current"
"RAMS_84","Baseline","No",60,17,15,5.48531,"F",71.65765,0.8109302,"previous"
"RAMS_367","Baseline","No",25,21,0,5.122216,"F",71.71516,3.461037,"never"
"RAMS_438","Baseline","Yes",40,5,9,4.692278,"F",71.77816,3.000222,"current"
"RAMS_411","Baseline","No",50,5,6,4.221451,"F",73.01061,1.731656,"never"
"RAMS_458","Baseline","Yes",20,0,3,2.410806,"F",74.15269,1.905088,"never"
"RAMS_32","Baseline","No",25,1,3,2.528648,"F",74.77987,0.4824262,"previous"
"RAMS_228","Baseline","No",37,2,14,4.358158,"F",74.94694,2.890372,"never"
"RAMS_447","Baseline","No",72,2,2,3.497144,"F",75.09209,0.9477894,"previous"
"RAMS_267","Baseline","No",75,4,0,4.39949,"F",75.24546,3.526361,"never"
"RAMS_408","Baseline","No",33,6,4,4.214988,"F",75.32763,2.392426,"previous"
"RAMS_362","Baseline","Yes",60,0,9,3.545499,"F",75.47279,2.515274,"never"
"RAMS_164","Baseline","No",60,10,6,4.61696,"F",75.69189,1.000632,"previous"
"RAMS_181","Baseline","No",49,1,7,3.181648,"F",75.91099,0.6523252,"previous"
"RAMS_243","Baseline","Yes",50,4,3,3.80242,"F",76.06162,1.492904,"never"
"RAMS_460","Baseline","No",100,12,8,6.567317,"F",76.71619,4.098503,"previous"
"RAMS_155","Baseline","No",76,23,7,6.430616,"F",76.72715,2.72261,"current"
"RAMS_204","Baseline","Yes",50,1,2,2.888184,"F",76.72989,0.756122,"never"
"RAMS_250","Baseline","No",97,4,11,5.789103,"F",77.08319,3.951244,"previous"
"RAMS_426","Baseline","No",56,9,9,5.531153,"F",77.15987,3.519869,"previous"
"RAMS_142","Baseline","Yes",61,9,9,5.79576,"F",78.61143,4.060443,"previous"
"RAMS_224","Baseline","No",10,1,1,2.754235,"F",78.81684,2.261763,""
"RAMS_213","Baseline","No",10,0,9,3.493671,"F",78.99213,4.315753,"never"
"RAMS_350","Baseline","No",75,6,3,5.541565,"F",79.06881,4.652435,"never"
"RAMS_294","Baseline","Yes",82,4,7,5.292825,"F",79.50428,3.677819,"never"
"RAMS_389","Baseline","No",30,3,3,4.499065,"F",79.55905,4.622617,"previous"
"RAMS_521","Baseline","No",10,14,8,5.356484,"F",80.5861,3.803324,"previous"
"RAMS_508","Baseline","No",24,0,0,2.973068,"F",80.84628,4.658521,"never"
"RAMS_74","Baseline","Yes",55,10,6,4.685799,"F",81.73091,1.386294,"never"
"RAMS_265","Baseline","Yes",51,14,2,4.265255,"F",88.24375,0.2776317,"never"
"RAMS_402","Baseline","No",25,1,1,3.074764,"M",28.34646,2.568788,"previous"
"RAMS_416","Baseline","No",77,6,6,4.68491,"M",33.59945,1.637053,"never"
"RAMS_370","Baseline","No",66,6,4,4.578865,"M",38.70455,2.119864,"previous"
"RAMS_12","Baseline","No",72,3,2,3.847114,"M",39.17562,1.425515,"never"
"RAMS_445","Baseline","No",28,4,2,3.061117,"M",39.23314,0.5364934,"current"
"RAMS_392","Baseline","No",45,2,3,3.830371,"M",39.28518,2.676215,"current"
"RAMS_216","Baseline","No",17,1,0,2.265955,"M",40.97501,1.410987,"never"
"RAMS_166","Baseline","No",12,0,0,2.210758,"M",41.01335,3.007661,"current"
"RAMS_522","Baseline","No",85,4,4,5.123154,"M",41.29545,3.592093,"previous"
"RAMS_254","Baseline","No",32,8,11,4.762237,"M",41.36939,2.337952,"never"
"RAMS_271","Baseline","No",60,1,9,4.775996,"M",42.77987,4.377768,"previous"
"RAMS_3","Baseline","No",50,5,7,4.952939,"M",43.01267,3.610918,"current"
"RAMS_406","Baseline","No",70,7,2,4.600102,"M",44.73536,2.173615,"current"
"RAMS_466","Baseline","No",33,3,3,2.936508,"M",45.70763,0.1655144,"previous"
"RAMS_348","Baseline","No",70,8,6,4.350912,"M",45.75967,0.3920421,"never"
"RAMS_135","Baseline","No",7,2,0,2.09222,"M",47.21123,0.6729445,"previous"
"RAMS_100","Baseline","No",54,4,8,4.093074,"M",50.97432,1.291984,"previous"
"RAMS_37","Baseline","No",20,6,5,4.108184,"M",52.86409,2.417698,"current"
"RAMS_49","Baseline","No",25,0,0,1.75477,"M",54.03355,1.235471,"previous"
"RAMS_91","Baseline","No",47,2,0,3.384858,"M",54.6936,2.70805,"current"
"RAMS_194","Baseline","No",60,1,1,3.230737,"M",55.60561,1.640936,"previous"
"RAMS_322","Baseline","No",75,2,1,4.03202,"M",56.21089,2.639057,"previous"
"RAMS_372","Baseline","No",80,8,2,5.057355,"M",56.47655,2.770712,"current"
"RAMS_328","Baseline","No",5,2,1,2.482764,"M",57.55563,1.05779,"never"
"RAMS_179","Baseline","No",65,8,8,4.890912,"M",57.95823,1.791759,"previous"
"RAMS_62","Baseline","No",72,6,3,5.347765,"M",58.22663,4.230768,"previous"
"RAMS_111","Baseline","No",29,1,5,2.912327,"M",58.73605,1.000632,"current"
"RAMS_191","Baseline","No",1,1,1,2.237206,"M",59.43718,1.175573,"current"
"RAMS_388","Baseline","No",49,0,0,2.145066,"M",60.5327,1.386294,"previous"
"RAMS_186","Baseline","No",20,2,1,3.786044,"M",60.54365,4.094678,"never"
"RAMS_103","Baseline","No",50,1,0,2.649812,"M",61.26669,1.193922,"previous"
"RAMS_320","Baseline","No",30,13,7,4.80987,"M",61.93222,1.860975,"previous"
"RAMS_338","Baseline","No",60,2,0,3.091026,"M",62.40055,1.386294,"previous"
"RAMS_238","Baseline","No",0,2,0,2.359063,"M",63.16741,1.686399,"current"
"RAMS_58","Baseline","No",26,4,2,3.392477,"M",63.23862,1.534714,"current"
"RAMS_26","Baseline","No",21,5,3,3.710731,"M",64.65183,1.998774,"previous"
"RAMS_248","Baseline","Yes",37,0,2,2.613464,"M",64.66279,2.054124,"previous"
"RAMS_492","Baseline","No",31,4,8,3.555493,"M",65.59397,0.6931472,"previous"
"RAMS_93","Baseline","No",40,1,4,3.205451,"M",65.67614,1.570697,"previous"
"RAMS_340","Baseline","No",25,4,0,3.208382,"M",65.70079,2.162173,"previous"
"RAMS_122","Baseline","Yes",80,25,12,7.237607,"M",65.79939,3.854606,"never"
"RAMS_137","Baseline","Yes",75,2,1,3.347339,"M",66.14995,0.7371641,"previous"
"RAMS_476","Baseline","No",25,0,0,2.284898,"M",66.45122,2.70805,"current"
"RAMS_160","Baseline","No",2,0,9,2.178841,"M",67.35502,0.9745596,"previous"
"RAMS_70","Baseline","Yes",6,0,0,1.676829,"M",67.58508,1.757858,"previous"
"RAMS_196","Baseline","No",20,0,3,1.974507,"M",67.59329,0.6931472,"current"
"RAMS_28","Baseline","Yes",40,6,5,3.717212,"M",67.87538,0.5538851,"never"
"RAMS_208","Baseline","No",100,8,4,5.914186,"M",67.93564,3.917408,"current"
"RAMS_353","Baseline","No",19,2,11,3.062565,"M",68.20678,0.3220835,"never"
"RAMS_218","Baseline","No",71,4,18,6.16263,"M",68.41219,5.279695,"previous"
"RAMS_323","Baseline","Yes",50,2,1,4.236672,"M",68.94899,4.179758,"previous"
"RAMS_400","Baseline","Yes",40,3,2,3.719153,"M",69.76515,2.314514,"previous"
"RAMS_140","Baseline","Yes",40,2,14,3.751506,"M",69.86922,1.088562,"previous"
"RAMS_342","Baseline","Yes",12,0,0,1.635955,"M",70.14858,1.410987,"previous"
"RAMS_375","Baseline","No",26,6,6,4.499707,"M",70.34577,3.105931,"previous"
"RAMS_499","Baseline","No",22,4,0,2.651652,"M",70.67168,0.7323679,"previous"
"RAMS_30","Baseline","No",5,1,6,3.225918,"M",70.91818,2.639057,"never"
"RAMS_10","Baseline","No",40,12,3,5.41697,"M",71.00582,4.089164,"never"
"RAMS_309","Baseline","No",30,5,3,3.590113,"M",71.47963,1.313724,"previous"
"RAMS_89","Baseline","Yes",25,0,5,2.433361,"M",71.65765,1.381282,"never"
"RAMS_14","Baseline","Yes",29,1,12,4.450244,"M",71.7809,4.317488,"previous"
"RAMS_436","Baseline","No",10,0,2,2.478947,"M",72.03561,2.730464,"previous"
"RAMS_47","Baseline","No",39,2,0,3.585216,"M",72.25197,3.575711,"previous"
"RAMS_312","Baseline","No",50,9,7,4.578072,"M",73.18316,1.381282,"never"
"RAMS_15","Baseline","No",12,0,0,1.66706,"M",73.36118,1.497388,"previous"
"RAMS_190","Baseline","No",60,0,0,2.774898,"M",73.99657,2.70805,"previous"
"RAMS_256","Baseline","No",23,0,12,3.660277,"M",74.69771,3.912023,"current"
"RAMS_419","Baseline","No",45,22,1,5.495664,"M",75.64806,2.775086,"current"
"RAMS_378","Baseline","No",17,4,2,3.19835,"M",76.886,1.345472,"previous"
"RAMS_230","Baseline","No",54,7,8,4.882945,"M",76.99555,2.481568,"previous"
"RAMS_212","Baseline","No",40,0,0,2.505073,"M",77.24204,2.736314,"previous"
"RAMS_527","Baseline","No",50,16,10,5.430471,"M",77.39542,1.791759,"never"
"RAMS_54","Baseline","No",75,11,13,5.622299,"M",77.74872,2.070653,"previous"
"RAMS_128","Baseline","Yes",0,8,10,4.339195,"M",78.9976,2.527327,"previous"
"RAMS_118","Baseline","Yes",25,8,0,3.392985,"M",80.30127,1.386294,"previous"
"RAMS_7","Baseline","No",21,7,7,4.021085,"M",81.11469,1.512927,"previous"
"RAMS_384","Baseline","No",80,10,3,5.302002,"M",84.40397,2.683758,"previous"
